timestamp,contract_file,contract_text,response,feedback
2026-02-02T13:41:44.898697,/Users/tarikessawi/lab/selfimproving/sample_contracts/contract_1.txt,"SERVICE AGREEMENT

This agreement is entered into between Client Corp (""Client"") and
Service Provider Inc (""Provider"").

1. SERVICES
Provider agrees to deliver software development services as specified
in Exhibit A, including:
- Custom web application development
- Database design and implementation
- API integration services

2. PAYMENT
Client agrees to pay Provider $50,000 upon completion of services.
Payment is due within 30 days of invoice.

3. TERM
This agreement is effective for 12 months from the signing date
and may be extended by mutual written agreement.

4. CONFIDENTIALITY
Both parties agree to maintain confidentiality of proprietary
information exchanged during the course of this agreement.

5. TERMINATION
Either party may terminate this agreement with 30 days written notice.
Upon termination, Client shall pay for all work completed to date.

6. INTELLECTUAL PROPERTY
All work product created under this agreement shall be owned by Client
upon full payment.

7. GOVERNING LAW
This agreement shall be governed by the laws of the State of Delaware.

SIGNATURES:
_________________________    _________________________
Client Corp                  Service Provider Inc
Date: ___________           Date: ___________
","{'recommendation': 'MODIFY', 'reasoning': ""The agreement is too vague regarding key aspects such as deliverables, acceptance criteria, payment schedule, and warranty. The lack of detail leaves significant room for disputes. While IP ownership is addressed, the termination clause lacks clarity on partial payment calculations. It is also important to define what constitutes 'completed work' in the termination clause."", 'key_findings': ['Vague Service Description: Exhibit A is not included and the description in Section 1 lacks specificity.', ""Unclear Payment Terms: Payment is contingent on 'completion of services,' which is undefined. A payment schedule or milestones would be beneficial."", ""Insufficient Termination Detail: The 'work completed to date' phrase is ambiguous and needs a defined calculation method."", ""Lack of Acceptance Criteria: No criteria are defined for Client to accept or reject the deliverables. This could lead to disputes over whether the services were 'completed'."", ""No Warranty: There is no warranty period or guarantee for the software's performance or bug fixes after delivery."", 'Limited Liability: The agreement does not address limitations of liability for either party.', 'Missing Exhibit A: Exhibit A, which defines the scope of services, is referenced but not attached.'], 'suggested_changes': ['Include a detailed Exhibit A outlining the scope of services, deliverables, and timelines.', ""Define 'completion of services' with specific acceptance criteria."", ""Implement a payment schedule tied to project milestones instead of a single payment upon undefined 'completion'."", ""Add a clause detailing how 'work completed to date' will be calculated in the event of termination."", ""Include a warranty period with specific guarantees for the software's performance."", 'Add a limitation of liability clause for both parties.', 'Include a dispute resolution mechanism (e.g., mediation, arbitration).', 'Specify which party is responsible for providing necessary materials or information for the services to be delivered.']}",
2026-02-02T13:46:25.371430,/Users/tarikessawi/lab/selfimproving/sample_contracts/contract_1.txt,"SERVICE AGREEMENT

This agreement is entered into between Client Corp (""Client"") and
Service Provider Inc (""Provider"").

1. SERVICES
Provider agrees to deliver software development services as specified
in Exhibit A, including:
- Custom web application development
- Database design and implementation
- API integration services

2. PAYMENT
Client agrees to pay Provider $50,000 upon completion of services.
Payment is due within 30 days of invoice.

3. TERM
This agreement is effective for 12 months from the signing date
and may be extended by mutual written agreement.

4. CONFIDENTIALITY
Both parties agree to maintain confidentiality of proprietary
information exchanged during the course of this agreement.

5. TERMINATION
Either party may terminate this agreement with 30 days written notice.
Upon termination, Client shall pay for all work completed to date.

6. INTELLECTUAL PROPERTY
All work product created under this agreement shall be owned by Client
upon full payment.

7. GOVERNING LAW
This agreement shall be governed by the laws of the State of Delaware.

SIGNATURES:
_________________________    _________________________
Client Corp                  Service Provider Inc
Date: ___________           Date: ___________
","{'recommendation': 'MODIFY', 'reasoning': 'While the agreement covers key aspects, several important areas are vaguely defined or missing entirely, increasing the risk for both parties. Significant clarification is needed regarding the scope of services, payment milestones, intellectual property rights prior to full payment, and warranty/liability. The current version favors the Client significantly in terms of IP ownership.', 'key_findings': ['Vague Scope of Services: Exhibit A needs to be highly detailed and specific about deliverables and acceptance criteria.', 'Payment Schedule: A single payment upon completion is risky. Milestone-based payments should be implemented.', 'Intellectual Property: Ownership transfers to Client *upon full payment*. What happens to the IP if the contract is terminated before full payment? This needs clarification. Provider could be giving up rights without getting paid.', ""Termination Clause: The 'work completed to date' clause is vague. It needs to define how 'work completed' is determined and valued in case of termination."", 'No Warranty or Liability Clause: The agreement lacks any warranty on the quality of the software or limitations on liability for defects or damages arising from the use of the software.', 'Confidentiality obligations are mutual but lack specifics regarding the definition of confidential information, permitted use and duration of obligation.', 'Missing Dispute Resolution: The contract lacks a clause detailing dispute resolution mechanisms (mediation, arbitration).', ""No Indemnification Clause: There's no protection for either party against third-party claims arising from the services performed."", 'No Force Majeure Clause: The agreement lacks a clause addressing unforeseen circumstances that may prevent performance.'], 'suggested_changes': ['**Exhibit A (Scope of Services):** Provide a detailed breakdown of tasks, deliverables, acceptance criteria, and timelines. Be as specific as possible.', '**Payment Schedule:** Implement a milestone-based payment schedule tied to completion of specific deliverables. Define clear payment amounts and due dates for each milestone.', '**Intellectual Property:** Add a clause specifying IP ownership before full payment (e.g., Provider retains ownership until final payment, client gets a license to use the software). Define terms of IP usage if the agreement is terminated before full payment.', ""**Termination Clause:** Define the method for calculating 'work completed to date' (e.g., based on hours worked, completed milestones). Add a clause specifying payment terms for partially completed milestones."", ""**Warranty Clause:** Include a warranty clause detailing the period for which the software is guaranteed to function as intended and the Provider's obligations for fixing defects."", ""**Liability Clause:** Add a liability clause that limits the Provider's liability for damages arising from the use of the software."", ""**Confidentiality Clause:** Clearly define 'proprietary information' and outline specific obligations, permitted uses, and duration of confidentiality."", '**Dispute Resolution:** Include a clause specifying a process for resolving disputes (e.g., mediation, arbitration).', '**Indemnification Clause:** Add a clause requiring each party to indemnify the other against third-party claims arising from its actions or omissions.', '**Force Majeure Clause:** Include a clause excusing performance in the event of unforeseen circumstances (e.g., natural disasters, war).', 'Add a Change Order clause to address how changes to the scope of the services will be handled, including their impact on the payment schedule.']}",Needs to look at the location the contract will be executed in
2026-02-02T14:17:10.710890,/Users/tarikessawi/lab/selfimproving/sample_contracts/contract_1.txt,"SERVICE AGREEMENT

This agreement is entered into between Client Corp (""Client"") and
Service Provider Inc (""Provider"").

1. SERVICES
Provider agrees to deliver software development services as specified
in Exhibit A, including:
- Custom web application development
- Database design and implementation
- API integration services

2. PAYMENT
Client agrees to pay Provider $50,000 upon completion of services.
Payment is due within 30 days of invoice.

3. TERM
This agreement is effective for 12 months from the signing date
and may be extended by mutual written agreement.

4. CONFIDENTIALITY
Both parties agree to maintain confidentiality of proprietary
information exchanged during the course of this agreement.

5. TERMINATION
Either party may terminate this agreement with 30 days written notice.
Upon termination, Client shall pay for all work completed to date.

6. INTELLECTUAL PROPERTY
All work product created under this agreement shall be owned by Client
upon full payment.

7. GOVERNING LAW
This agreement shall be governed by the laws of the State of Delaware.

SIGNATURES:
_________________________    _________________________
Client Corp                  Service Provider Inc
Date: ___________           Date: ___________
","{'recommendation': 'MODIFY', 'reasoning': ""While the agreement covers key aspects like services, payment, and intellectual property, it lacks crucial provisions that could lead to disputes. Specifically, the absence of a detailed scope of work, acceptance criteria, and limitation of liability clauses poses significant risks. The governing law of Delaware is generally favorable for corporations, but its suitability depends on the location of performance and the parties' connections to Delaware."", 'key_findings': ['Lack of a detailed scope of work and acceptance criteria (Exhibit A is mentioned but unspecified).', 'No clearly defined process for dispute resolution.', 'Missing clauses addressing warranties, indemnification, and limitation of liability.', ""The payment terms are vague regarding what constitutes 'completion of services'."", ""No specific protection for Provider's pre-existing intellectual property (if any).""], 'suggested_changes': [""Replace 'as specified in Exhibit A' with a detailed description of the scope of work directly in the agreement or ensure Exhibit A is clearly defined and attached, including specific deliverables and timelines."", 'Add a clause defining acceptance criteria for deliverables and a process for addressing any issues.', 'Include a clear dispute resolution mechanism, such as mediation or arbitration.', 'Add clauses covering warranties (or disclaimers), indemnification, and limitation of liability to protect both parties.', ""Clarify the meaning of 'completion of services' in the Payment section, potentially tying it to acceptance of deliverables."", 'Add a clause clarifying ownership of pre-existing intellectual property of Provider, and any licenses granted to Client.', 'Consider adding a force majeure clause to address unforeseen circumstances.', 'Specify a clear process for change requests to the scope of work, including how changes will be documented and priced.']}",does not look at geographic location
2026-02-02T14:45:09.996179,/Users/tarikessawi/lab/selfimproving/sample_contracts/contract_1.txt,"SERVICE AGREEMENT

This agreement is entered into between Client Corp (""Client"") and
Service Provider Inc (""Provider"").

1. SERVICES
Provider agrees to deliver software development services as specified
in Exhibit A, including:
- Custom web application development
- Database design and implementation
- API integration services

2. PAYMENT
Client agrees to pay Provider $50,000 upon completion of services.
Payment is due within 30 days of invoice.

3. TERM
This agreement is effective for 12 months from the signing date
and may be extended by mutual written agreement.

4. CONFIDENTIALITY
Both parties agree to maintain confidentiality of proprietary
information exchanged during the course of this agreement.

5. TERMINATION
Either party may terminate this agreement with 30 days written notice.
Upon termination, Client shall pay for all work completed to date.

6. INTELLECTUAL PROPERTY
All work product created under this agreement shall be owned by Client
upon full payment.

7. GOVERNING LAW
This agreement shall be governed by the laws of the State of Delaware.

SIGNATURES:
_________________________    _________________________
Client Corp                  Service Provider Inc
Date: ___________           Date: ___________
","{'recommendation': 'MODIFY', 'reasoning': 'While the agreement covers essential aspects, it lacks crucial details regarding service level agreements, acceptance criteria, liability, and dispute resolution, which could lead to significant issues if not addressed. The simple payment structure also poses risks. The lack of detail makes it difficult to assess the full impact and potential pitfalls depending on the specific geographic locations of Client Corp and Service Provider Inc.', 'key_findings': ['Lack of detailed specifications in Exhibit A: The success of the project hinges on the specificity of Exhibit A. A vague description of services leads to disputes.', 'Payment terms are overly simplistic: A single payment upon completion is risky for the Provider and does not protect the Client against non-performance. Milestone-based payments are preferable.', 'No service level agreements (SLAs): There are no guarantees regarding uptime, performance, or response times.', 'Limited liability clause: The agreement lacks any limitation of liability for either party, which is a significant risk, especially for the Provider.', 'No clear acceptance criteria: The agreement does not define how the Client will determine if the services are satisfactory. This can lead to disputes over final payment.', ""Termination clause is broad: While termination is allowed with 30 days' notice, the financial implications of termination for convenience are not clearly defined, particularly regarding work in progress."", ""Intellectual Property ownership: While IP ownership is assigned to the client upon payment, the agreement doesn't address ownership of pre-existing IP used by the provider, or licensing rights if the provider integrates third-party tools."", 'Governing Law: Delaware law may be suitable for internal affairs but could be less suitable for a dispute related to service delivery if one of the parties is located elsewhere. Choice of law can impact enforceability and legal costs.', 'No Dispute Resolution Mechanism: There is no mention of how disputes will be resolved (e.g., arbitration, mediation, litigation). This can lead to protracted and costly legal battles.', 'Confidentiality clause is too broad: It lacks definition of what constitutes ""proprietary information"" and the duration of the confidentiality obligation.'], 'suggested_changes': ['Expand Exhibit A to include detailed specifications, timelines, deliverables, and acceptance criteria. Include wireframes, data models, and functional specifications.', 'Implement milestone-based payments: Structure payment in installments tied to specific deliverables or project phases.', 'Incorporate Service Level Agreements (SLAs): Define performance metrics, response times, and uptime guarantees. Include penalties for failure to meet SLAs.', 'Add a Limitation of Liability clause: Establish maximum liability for each party, excluding certain types of damages (e.g., consequential damages).', 'Define Acceptance Testing Procedures: Specify how the Client will test and accept deliverables, including a process for addressing defects.', 'Clarify Termination Provisions: Detail the financial obligations of each party upon termination, including payment for work in progress and any termination fees. Differentiate between termination for cause and termination for convenience.', 'Address Pre-Existing and Third-Party IP: Clarify ownership of pre-existing IP used by the Provider and licensing terms for any third-party tools or libraries used in the project. Include indemnification provisions related to IP infringement.', ""Consider Alternative Governing Law: Evaluate whether Delaware law is appropriate or whether the law of the state where the services are performed or where the Client's primary business is located would be more suitable. This will need legal counsel review."", 'Include a Dispute Resolution Clause: Specify a method for resolving disputes, such as mediation or arbitration, before resorting to litigation.', 'Define ""Proprietary Information"" and Duration of Confidentiality: Clearly define what constitutes confidential information and establish a reasonable timeframe for the confidentiality obligation (e.g., 5 years after termination).', 'Include a clause addressing data privacy and security, especially important if handling personally identifiable information (PII) due to varying international regulations like GDPR, CCPA, etc.', ""Add a clause addressing Indemnification: Provider should indemnify the client against any damages, losses, or expenses arising from Provider's breach of contract, negligence, or violation of law.""]}",
2026-02-02T15:25:35.159388,sample_contracts/contract_1.txt,"SERVICE AGREEMENT

This agreement is entered into between Client Corp (""Client"") and
Service Provider Inc (""Provider"").

1. SERVICES
Provider agrees to deliver software development services as specified
in Exhibit A, including:
- Custom web application development
- Database design and implementation
- API integration services

2. PAYMENT
Client agrees to pay Provider $50,000 upon completion of services.
Payment is due within 30 days of invoice.

3. TERM
This agreement is effective for 12 months from the signing date
and may be extended by mutual written agreement.

4. CONFIDENTIALITY
Both parties agree to maintain confidentiality of proprietary
information exchanged during the course of this agreement.

5. TERMINATION
Either party may terminate this agreement with 30 days written notice.
Upon termination, Client shall pay for all work completed to date.

6. INTELLECTUAL PROPERTY
All work product created under this agreement shall be owned by Client
upon full payment.

7. GOVERNING LAW
This agreement shall be governed by the laws of the State of Delaware.

SIGNATURES:
_________________________    _________________________
Client Corp                  Service Provider Inc
Date: ___________           Date: ___________
","{'recommendation': 'MODIFY', 'reasoning': ""The contract is too simplistic and lacks crucial clauses to protect both parties adequately. It needs more detail regarding scope, deliverables, acceptance criteria, warranties, and limitations of liability. While Delaware governing law is common, it's crucial to confirm its suitability based on the actual locations of Client and Provider operations."", 'key_findings': ['Vague scope of services (Exhibit A not provided and list in section 1 is insufficient)', ""Payment terms are tied only to 'completion' with no clear definition or acceptance process."", ""Unclear definition of 'work completed to date' upon termination, potentially leading to disputes."", 'Lack of warranties regarding the quality or functionality of the software.', 'Absence of limitation of liability clause, exposing Provider to potentially unlimited damages.', 'No clause addressing dispute resolution.', 'No specifics on data security and privacy, especially important for web applications and databases.', 'The agreement automatically renews for 12 months, which may be unfavorable if one party no longer needs services.'], 'suggested_changes': ['Replace the vague description in Section 1 with a detailed Exhibit A outlining specific deliverables, functionalities, timelines, and acceptance criteria. Refer to that exhibit specifically in Section 1.', ""Add a detailed payment schedule tied to specific milestones or deliverables, not just 'completion'."", 'Include a clear acceptance process with defined timelines for review and feedback.', ""Define 'work completed to date' with specific measurable criteria for partial completion."", 'Add warranties regarding the quality, functionality, and performance of the software, including a specific warranty period.', 'Include a limitation of liability clause to cap the potential damages for which Provider may be responsible.', 'Add a dispute resolution clause outlining the process for resolving disagreements, such as mediation or arbitration.', 'Incorporate clauses addressing data security, privacy, and compliance with relevant regulations (e.g., GDPR, CCPA) if applicable.', 'Modify the Term section to remove automatic renewal or require explicit written consent for renewal, with sufficient notice period.', 'Add a clause specifying ownership of pre-existing intellectual property (if any) used in the project. Ensure Provider has the right to use any third-party tools or components.', ""Include a clause addressing confidentiality beyond simply 'maintaining confidentiality', detailing permitted uses of confidential information and duration of the obligation.""], 'geographic_considerations': ""While Delaware is a common choice for governing law due to its established corporate law, consider the actual locations of Client and Provider. If both are located in a different jurisdiction, using that jurisdiction's law may be more practical and cost-effective for enforcement. Additionally, consider any specific state or local laws that might affect software development contracts or data privacy (e.g., California Consumer Privacy Act (CCPA)). The absence of a detailed Exhibit A may violate software laws specific to a region. Consult local counsel if necessary.""}",needs to check for indemnity clauses and liability limits
2026-02-02T15:32:03.967905,sample_contracts/contract_1.txt,"SERVICE AGREEMENT

This agreement is entered into between Client Corp (""Client"") and
Service Provider Inc (""Provider"").

1. SERVICES
Provider agrees to deliver software development services as specified
in Exhibit A, including:
- Custom web application development
- Database design and implementation
- API integration services

2. PAYMENT
Client agrees to pay Provider $50,000 upon completion of services.
Payment is due within 30 days of invoice.

3. TERM
This agreement is effective for 12 months from the signing date
and may be extended by mutual written agreement.

4. CONFIDENTIALITY
Both parties agree to maintain confidentiality of proprietary
information exchanged during the course of this agreement.

5. TERMINATION
Either party may terminate this agreement with 30 days written notice.
Upon termination, Client shall pay for all work completed to date.

6. INTELLECTUAL PROPERTY
All work product created under this agreement shall be owned by Client
upon full payment.

7. GOVERNING LAW
This agreement shall be governed by the laws of the State of Delaware.

SIGNATURES:
_________________________    _________________________
Client Corp                  Service Provider Inc
Date: ___________           Date: ___________
","{'recommendation': 'MODIFY', 'reasoning': ""The contract is a basic service agreement but lacks crucial details regarding deliverables, acceptance criteria, warranties, liability, and dispute resolution. These omissions could lead to disputes and uncertainties. The payment structure is also vague and doesn't account for project milestones or potential changes in scope."", 'key_findings': ['Vague description of services in Exhibit A. Requires more specific deliverables and acceptance criteria.', 'Lump-sum payment structure without milestones or progress payments.', ""Lack of warranty provisions regarding the software's functionality and performance."", 'Absence of limitation of liability clause, potentially exposing Provider to unlimited damages.', 'No dispute resolution mechanism (e.g., arbitration or mediation).', ""Termination clause is one-sided; it doesn't address situations where Provider might need to terminate (e.g., Client's failure to pay)."", 'Confidentiality clause is too broad; it lacks specifics on what constitutes confidential information and the duration of confidentiality.', ""Intellectual Property clause is too simplistic; it doesn't address ownership of pre-existing IP or third-party components."", 'Governing Law is Delaware, which may not be appropriate if neither party is located or operating primarily in Delaware. This could increase litigation costs and create legal complexities.'], 'suggested_changes': ['Revise Exhibit A to provide a detailed scope of work, including specific deliverables, timelines, acceptance criteria, and change management procedures.', 'Implement a milestone-based payment schedule with progress payments tied to the completion of specific deliverables.', ""Add a warranty clause that guarantees the software's functionality and performance for a specified period. Define the remedies for breach of warranty."", ""Include a limitation of liability clause to cap Provider's potential liability for damages arising from the agreement."", 'Incorporate a dispute resolution mechanism, such as arbitration or mediation, to resolve disputes efficiently and cost-effectively.', ""Revise the termination clause to provide for termination by Provider under certain circumstances, such as Client's failure to pay or material breach of contract."", 'Narrow the confidentiality clause to clearly define what constitutes confidential information and specify the duration of the confidentiality obligation. Include exceptions for legally required disclosures.', 'Expand the intellectual property clause to address ownership of pre-existing IP, third-party components, and derivative works.', ""Consider specifying the governing law and venue as the location where the services are primarily performed or where the Client's principal place of business is located. Consult with legal counsel to determine the most appropriate jurisdiction."", ""Add an 'Entire Agreement' clause to state that the written contract represents the complete and final agreement between the parties."", 'Include clauses addressing data security and privacy, especially if the software development involves handling sensitive Client data.'], 'geographic_considerations': ""The governing law of Delaware might be inappropriate if neither Client nor Provider has a significant connection to Delaware. The governing law should ideally be the state where the work is performed or where the Client's primary business is located. This will simplify legal proceedings if a dispute arises. Also, depending on the actual location where services are performed, one needs to consider local regulations about independent contractors vs. employees and any requirements related to data privacy.""}",
2026-02-02T15:36:11.957778,sample_contracts/contract_1.txt,"SERVICE AGREEMENT

This agreement is entered into between Client Corp (""Client"") and
Service Provider Inc (""Provider"").

1. SERVICES
Provider agrees to deliver software development services as specified
in Exhibit A, including:
- Custom web application development
- Database design and implementation
- API integration services

2. PAYMENT
Client agrees to pay Provider $50,000 upon completion of services.
Payment is due within 30 days of invoice.

3. TERM
This agreement is effective for 12 months from the signing date
and may be extended by mutual written agreement.

4. CONFIDENTIALITY
Both parties agree to maintain confidentiality of proprietary
information exchanged during the course of this agreement.

5. TERMINATION
Either party may terminate this agreement with 30 days written notice.
Upon termination, Client shall pay for all work completed to date.

6. INTELLECTUAL PROPERTY
All work product created under this agreement shall be owned by Client
upon full payment.

7. GOVERNING LAW
This agreement shall be governed by the laws of the State of Delaware.

SIGNATURES:
_________________________    _________________________
Client Corp                  Service Provider Inc
Date: ___________           Date: ___________
","{'recommendation': 'MODIFY', 'reasoning': ""The contract is too vague and lacks sufficient detail regarding the scope of work, payment milestones, and dispute resolution. While the basic clauses are present, they require significant augmentation to protect both parties' interests. The IP clause is favorable to the Client, but lacks specifics about transfer and warranty."", 'key_findings': ['Lack of detailed scope of work in Exhibit A makes the contract ambiguous.', 'Payment terms are simplistic and lack milestones, creating risk for both parties.', ""Termination clause allows for termination without cause, but payment for 'work completed to date' is unclear."", 'Confidentiality clause is broad and lacks specificity.', 'Governing law is Delaware, regardless of where services are performed or where the parties are located.', 'Intellectual Property clause assigns ownership to Client, but lacks warranty and assignment details.'], 'suggested_changes': ['Expand Exhibit A to include detailed specifications, acceptance criteria, and timelines for each deliverable.', 'Introduce payment milestones tied to specific deliverables or phases of the project.', ""Define 'work completed to date' in the termination clause, specifying how it will be calculated (e.g., hourly rate, percentage of completion)."", 'Add a clause addressing warranty for the software developed.', 'Include a clause for dispute resolution, such as mediation or arbitration, before resorting to litigation.', 'Specify the types of information considered confidential and the duration of the confidentiality obligation.', ""Consider the location where the work is being performed. If it differs from Delaware, include a 'choice of forum' clause. Determine if local laws where the work is being completed have any influence."", 'Include representations and warranties by Provider related to their ability to perform the services and ownership of any tools, libraries, or other resources that will be used.', 'Add a Limitation of Liability clause to limit potential damages.'], 'geographic_considerations': 'The contract specifies Delaware law, which is common for corporate governance. However, the actual location of service delivery is not specified. If the work is performed outside of Delaware, local labor laws, data privacy regulations, and tax implications should be considered. For instance, if the Service Provider has a physical presence in the location where the services are performed, they may be subject to local taxes and employment regulations. Furthermore, data protection laws such as GDPR (if the services are performed in Europe or involve European data) need to be explicitly addressed in the confidentiality or a separate data processing agreement. If the services involve collecting data from people in California, then CCPA compliance also needs to be considered. Choice of law does not necessarily override mandatory local laws where services are performed or where a party is domiciled.'}",
2026-02-02T15:37:32.855158,/Users/tarikessawi/lab/selfimproving/sample_contracts/contract_1.txt,"SERVICE AGREEMENT

This agreement is entered into between Client Corp (""Client"") and
Service Provider Inc (""Provider"").

1. SERVICES
Provider agrees to deliver software development services as specified
in Exhibit A, including:
- Custom web application development
- Database design and implementation
- API integration services

2. PAYMENT
Client agrees to pay Provider $50,000 upon completion of services.
Payment is due within 30 days of invoice.

3. TERM
This agreement is effective for 12 months from the signing date
and may be extended by mutual written agreement.

4. CONFIDENTIALITY
Both parties agree to maintain confidentiality of proprietary
information exchanged during the course of this agreement.

5. TERMINATION
Either party may terminate this agreement with 30 days written notice.
Upon termination, Client shall pay for all work completed to date.

6. INTELLECTUAL PROPERTY
All work product created under this agreement shall be owned by Client
upon full payment.

7. GOVERNING LAW
This agreement shall be governed by the laws of the State of Delaware.

SIGNATURES:
_________________________    _________________________
Client Corp                  Service Provider Inc
Date: ___________           Date: ___________
","{'recommendation': 'MODIFY', 'reasoning': 'While the contract covers essential areas, it lacks crucial details regarding scope definition, acceptance criteria, warranty, limitation of liability, and dispute resolution, which are necessary for a well-rounded service agreement. The payment terms are also vague. The governing law is acceptable, but other aspects must be addressed to protect both parties adequately.', 'key_findings': ['Vague scope of services (Exhibit A not included, needs more detail).', 'Payment terms only specify total amount and due date; no milestones or partial payments.', 'No acceptance criteria defined for the delivered software.', 'Missing warranty provisions regarding software functionality and defects.', 'Absence of a limitation of liability clause.', 'Lack of a clear dispute resolution mechanism.', ""Unclear definition of 'work completed to date' in the Termination clause. How is that determined?"", 'Governing Law is Delaware, which may or may not be suitable depending on where the parties are located.'], 'suggested_changes': ['Include Exhibit A, detailing the software development services with specific milestones, deliverables, and timelines.', 'Specify payment milestones linked to the completion of key deliverables.', 'Define clear acceptance criteria for each deliverable to ensure alignment and facilitate smooth acceptance.', 'Add a warranty clause outlining the duration and scope of the software warranty, including remedies for defects.', 'Include a limitation of liability clause to cap potential damages and protect both parties.', 'Incorporate a dispute resolution mechanism, such as mediation or arbitration, to resolve conflicts efficiently.', ""Clarify how 'work completed to date' will be calculated upon termination (e.g., based on hours worked, milestones achieved)."", 'Consider the geographic locations of Client and Provider and ensure Delaware law is appropriate. If not, select a jurisdiction with relevant experience in software development contracts.', 'Add a clause addressing data security and privacy, especially if the software will handle sensitive data, complying with relevant regulations (e.g., GDPR, CCPA).', 'Add a clause related to who will be responsible for the software after the agreement ends.'], 'geographic_considerations': ""The choice of Delaware as the governing law is common for US-based corporations but may not be the most suitable choice if either party is located outside the US. Delaware law is generally business-friendly, but it's essential to consider the specific legal and business practices of the locations where the parties operate. The location of the parties will also influence the practicality of enforcing the contract. If either party is located outside the US, enforcement may be more complex.""}",
